date,close,session_volume,prev_high,prev_low,prev_close,rolling_high,rolling_low,zone_mid,zone_top,zone_bottom,vol_zone_top,vol_zone_bottom,avg_dist_to_prev_high,min_dist_to_prev_high,avg_dist_to_prev_low,max_dist_to_prev_low,avg_ratio_to_high,avg_ratio_to_low,broke_prev_high,broke_prev_low,breakout_above_magnitude,breakout_below_magnitude,broke_above_prev_high_any,broke_above_prev_high_sum,broke_below_prev_low_any,broke_below_prev_low_sum,broke_above_zone_top_any,broke_above_zone_top_sum,broke_below_zone_bottom_any,broke_below_zone_bottom_sum,broke_above_prev_close_any,broke_above_prev_close_sum,broke_below_prev_close_any,broke_below_prev_close_sum,minutes_to_breakout_above_close,minutes_to_breakout_below_close
2024-01-10,2026.15,216736,2042.09,2031.06,2034.31,2030.65,2018.31,2024.48,2027.565,2021.395,2035.112,2030.731,-10.353596491227986,-17.699999999999818,0.6764035087719867,7.870000000000118,-0.9386759340482392,0.061323975289937736,0.0,1.0,0.0,7.339999999999918,False,0,True,50,True,96,False,0,True,48,True,84,125.0,0.0
2024-01-11,2030.77,294884,2040.37,2023.72,2026.15,2042.09,2031.06,2036.5749999999998,2039.3324999999998,2033.8174999999999,2032.512,2030.297,-8.110263157894625,-14.5,8.539736842105238,15.1099999999999,-0.4871028631106203,0.5128970768293233,1.0,0.0,5.430000000000064,0.0,True,1,False,0,True,2,True,100,True,114,True,4,0.0,450.0
2024-01-15,2051.82,162827,2062.33,2034.04,2057.99,2045.8,2024.76,2035.28,2040.54,2030.02,2054.155,2053.154,-8.432807017543793,-12.420000000000073,19.85719298245617,24.26000000000022,-0.29808436618803247,0.7019155984637891,0.0,0.0,0.0,0.0,False,0,False,0,True,114,False,0,True,3,True,114,160.0,0.0
2024-01-18,2013.86,254387,2029.08,2008.37,2008.93,2050.99,2031.22,2041.105,2046.0475,2036.1625000000001,2012.579,2011.522,-17.109035087719228,-20.159999999999854,3.6009649122808094,8.220000000000027,-0.826124300415012,0.17387565129913818,0.0,1.0,0.0,1.0799999999999272,False,0,True,4,False,0,True,114,True,114,True,8,0.0,0.0
2024-01-22,2026.34,266587,2039.5,2020.73,2026.09,2017.34,2007.29,2012.315,2014.8275,2009.8025,2023.709,2022.252,-15.964385964912298,-21.190000000000055,2.8056140350876846,9.190000000000055,-0.8505266443465992,0.14947330237689851,0.0,1.0,0.0,4.309999999999945,False,0,True,15,True,114,False,0,True,22,True,103,145.0,0.0
2024-01-23,2024.66,271944,2030.27,2016.42,2026.34,2039.5,2020.73,2030.115,2034.8075,2025.4225000000001,2024.819,2023.065,-2.9693859649122767,-7.579999999999927,10.880614035087632,19.09999999999991,-0.2143960830697627,0.7856038447280765,1.0,0.0,7.710000000000036,0.0,True,31,False,0,True,4,True,49,True,69,True,60,0.0,245.0
2024-01-24,2020.18,333021,2037.98,2021.31,2024.66,2030.27,2016.42,2023.345,2026.8075,2019.8825000000002,2033.068,2031.213,-7.653333333333349,-17.799999999999955,9.016666666666723,14.480000000000018,-0.4591081508233452,0.5408917891886559,0.0,1.0,0.0,2.1599999999998545,False,0,True,3,True,99,True,2,True,109,True,13,0.0,0.0
2024-01-25,2019.68,300083,2036.78,2019.15,2020.18,2037.98,2021.31,2029.645,2033.8125,2025.4775,2022.918,2016.194,-19.63315789473681,-23.700000000000045,-2.003157894736931,5.129999999999882,-1.113622052247016,-0.11362210896851023,0.0,1.0,0.0,9.680000000000064,False,0,True,97,False,0,True,114,True,23,True,100,450.0,0.0
2024-01-26,2017.93,230886,2025.44,2009.47,2019.68,2036.78,2019.15,2027.9650000000001,2032.3725000000002,2023.5575000000001,2022.224,2020.526,-3.7703508771930356,-7.990000000000009,12.199649122806992,15.549999999999955,-0.2360895830371601,0.7639103543454362,1.0,0.0,1.3099999999999454,0.0,True,4,False,0,False,0,True,111,True,106,True,18,0.0,180.0
2024-02-02,2030.83,241655,2050.89,2029.93,2048.91,2056.07,2033.54,2044.805,2050.4375,2039.1725000000001,2056.151,2030.888,-0.5565789473683078,-22.47999999999979,20.4034210526315,26.769999999999754,-0.026554337825094223,0.9734456144649843,1.0,1.0,6.8400000000001455,2.2000000000000455,True,91,True,11,True,91,True,23,True,91,True,24,0.0,450.0
2024-02-05,2019.22,233510,2057.73,2027.73,2030.83,2050.89,2029.93,2040.4099999999999,2045.6499999999999,2035.1699999999998,2023.597,2018.295,-33.87666666666667,-42.49000000000001,-3.876666666666675,3.2200000000000273,-1.129222184581483,-0.12922221791481525,0.0,1.0,0.0,12.970000000000027,False,0,True,97,False,0,True,114,True,3,True,114,50.0,0.0
2024-02-07,2039.08,82722,2037.87,2022.77,2035.2,2031.55,2014.76,2023.155,2027.3525,2018.9575,2034.221,2032.733,-3.4338596491227036,-6.75,11.666140350877205,21.25999999999999,-0.22740790872283548,0.7725920250520034,1.0,0.0,6.770000000000209,0.0,True,11,False,0,True,114,False,0,True,37,True,97,75.0,0.0
2024-02-09,2023.56,82407,2038.52,2020.08,2029.82,2044.64,2030.5,2037.5700000000002,2041.1050000000002,2034.035,2033.296,2031.702,-7.708333333333317,-15.559999999999945,10.731666666666737,14.330000000000155,-0.41802239237043937,0.5819775533996286,0.0,0.0,0.0,0.0,False,0,False,0,False,0,True,114,True,88,True,35,0.0,395.0
2024-02-12,2014.72,79196,2037.28,2022.14,2023.56,2038.52,2020.08,2029.3,2033.9099999999999,2024.69,2022.263,2020.741,-15.481578947368394,-23.149999999999864,-0.34157894736852124,4.839999999999918,-1.0225612896173868,-0.022561355667580482,0.0,1.0,0.0,9.009999999999991,False,0,True,66,False,0,True,103,True,47,True,82,0.0,0.0
2024-02-13,1993.75,92569,2027.59,2013.13,2014.72,2037.28,2022.14,2029.71,2033.495,2025.9250000000002,2029.703,2025.288,-7.005350877192898,-36.49000000000001,7.454649122806911,15.86999999999989,-0.48446406588720087,0.5155358649565107,1.0,1.0,4.320000000000164,23.160000000000082,True,30,True,22,False,0,True,69,True,93,True,24,0.0,450.0
2024-02-16,2006.27,74414,2008.38,1991.52,2006.61,1993.38,1984.03,1988.705,1991.0425,1986.3674999999998,2007.496,2004.762,-3.89263157894748,-12.510000000000218,12.967368421052647,16.230000000000018,-0.23087967663509928,0.7691202640529231,0.0,0.0,0.0,0.0,False,0,False,0,True,114,False,0,True,33,True,93,280.0,0.0
2024-02-21,2029.2,70597,2030.94,2017.62,2029.03,2023.04,2015.82,2019.4299999999998,2021.235,2017.6249999999998,2029.487,2028.573,-2.1405263157895256,-4.680000000000064,11.179473684210638,13.180000000000064,-0.16070016179349378,0.8392997631314368,1.0,0.0,0.6799999999998363,0.0,True,5,False,0,True,114,False,0,True,67,True,85,0.0,85.0
2024-02-22,2020.97,87898,2031.62,2025.83,2029.2,2030.94,2017.62,2024.28,2027.6100000000001,2020.9499999999998,2029.496,2024.898,-2.8984210526314698,-10.649999999999864,2.891578947368494,8.060000000000173,-0.5005907689189498,0.4994090583695084,1.0,1.0,3.240000000000009,5.529999999999973,True,19,True,25,True,91,True,4,True,70,True,66,5.0,0.0
2024-02-23,2027.09,84882,2034.86,2020.3,2020.97,2031.62,2025.83,2028.725,2030.1725,2027.2775,2027.856,2025.047,-12.32394736842096,-18.75999999999999,2.236052631578986,8.210000000000036,-0.8464248984887437,0.15357503282994242,0.0,1.0,0.0,4.379999999999882,False,0,True,40,False,0,True,111,True,83,True,50,0.0,20.0
2024-02-26,2026.91,79108,2029.26,2015.92,2027.09,2034.86,2020.3,2027.58,2031.2199999999998,2023.94,2033.424,2032.199,3.272280701754392,-3.6800000000000637,16.612280701754308,20.389999999999873,0.24529838504168117,1.2452983100791681,1.0,0.0,7.839999999999918,0.0,True,102,False,0,True,99,False,0,True,112,True,10,0.0,505.0
2024-02-28,2033.17,78023,2039.51,2033.12,2034.48,2037.1,2025.46,2031.28,2034.19,2028.37,2029.376,2027.948,-10.110614035087709,-14.6099999999999,-3.7206140350876082,4.050000000000182,-1.582255469926773,-0.5822556264212713,0.0,1.0,0.0,8.739999999999782,False,0,True,103,True,14,True,54,True,12,True,109,450.0,0.0
2024-02-29,2048.76,85713,2037.94,2024.38,2033.17,2039.51,2033.12,2036.315,2037.9125000000001,2034.7175,2048.379,2036.374,-1.280438596491284,-9.220000000000027,12.27956140350866,25.359999999999673,-0.09442761814628843,0.9055723081074043,1.0,0.0,12.840000000000146,0.0,True,24,False,0,True,25,True,46,True,79,True,40,0.0,255.0
2024-03-01,2063.76,94258,2050.78,2027.97,2048.76,2037.94,2024.38,2031.16,2034.5500000000002,2027.77,2055.916,2050.686,-0.9411403508773821,-11.260000000000218,21.868859649122793,35.79000000000019,-0.04125998726950406,0.958739968890077,1.0,0.0,12.980000000000018,0.0,True,59,False,0,True,114,False,0,True,63,True,56,75.0,0.0
2024-03-06,2141.08,80081,2141.81,2113.88,2131.56,2103.01,2081.01,2092.01,2097.51,2086.51,2128.191,2125.564,-10.797017543859587,-17.48999999999978,17.13298245614025,32.5,-0.38657419109507546,0.6134257731011306,1.0,0.0,7.400000000000091,0.0,True,12,False,0,True,114,False,0,True,45,True,76,340.0,0.0
2024-03-12,2161.28,50821,2185.16,2174.72,2181.41,2185.48,2156.09,2170.785,2178.1324999999997,2163.4375,2177.368,2174.273,-11.77228070175423,-31.58999999999969,-1.3322807017541756,5.050000000000182,-1.1276129860288489,-0.12761308181428033,0.0,1.0,0.0,22.109999999999673,False,0,True,48,True,20,True,18,True,2,True,114,460.0,0.0
2024-03-13,2166.94,29250,2182.01,2152.61,2161.28,2185.16,2174.72,2179.9399999999996,2182.5499999999997,2177.3299999999995,2159.765,2158.288,-20.68026315789495,-23.830000000000382,8.71973684210514,16.75,-0.7034102875675033,0.2965896784188924,0.0,0.0,0.0,0.0,False,0,False,0,False,0,True,114,True,48,True,68,60.0,0.0
2024-03-14,2161.98,31918,2171.58,2157.55,2166.94,2182.01,2152.61,2167.3100000000004,2174.6600000000003,2159.9600000000005,2169.757,2168.249,-3.592280701754322,-12.13000000000011,10.437719298245423,14.359999999999673,-0.2560427972709615,0.7439571314532062,1.0,0.0,0.44000000000005457,0.0,True,5,False,0,False,0,True,5,True,95,True,27,0.0,420.0
2024-03-15,2160.88,31650,2172.02,2157.69,2161.98,2171.58,2157.55,2164.565,2168.0725,2161.0575,2169.299,2167.594,-5.828859649122789,-14.519999999999982,8.501140350877138,14.259999999999764,-0.4067591934657101,0.5932407367506242,1.0,1.0,0.6900000000000546,1.1799999999998363,True,2,True,5,True,55,True,20,True,101,True,23,0.0,450.0
2024-03-18,2160.1,27209,2172.71,2156.51,2160.88,2172.02,2157.69,2164.855,2168.4375,2161.2725,2160.818,2158.977,-18.338245614035124,-26.09999999999991,-2.138245614035305,5.9099999999998545,-1.13199040012623,-0.13199046185462143,0.0,1.0,0.0,10.420000000000073,False,0,True,76,False,0,True,113,True,17,True,111,390.0,0.0
2024-03-19,2152.87,33586,2163.58,2146.09,2160.1,2172.71,2156.51,2164.61,2168.66,2160.5600000000004,2156.192,2152.711,-8.8842105263157,-14.9699999999998,8.605789473684082,13.309999999999945,-0.5079594064240368,0.49204053640043754,0.0,0.0,0.0,0.0,False,0,False,0,False,0,True,114,True,1,True,114,0.0,0.0
2024-03-20,2161.06,25907,2160.37,2147.14,2152.87,2163.58,2146.09,2154.835,2159.2075,2150.4625,2154.426,2152.821,-4.579999999999911,-10.519999999999982,8.650000000000107,16.940000000000055,-0.34618289144497455,0.6538170329692413,1.0,0.0,4.4900000000002365,0.0,True,6,False,0,True,7,True,2,True,110,True,19,0.0,320.0
2024-03-22,2174.75,38761,2211.72,2176.57,2176.88,2164.86,2149.61,2157.235,2161.0475,2153.4225,2174.567,2166.282,-41.28842105263138,-47.379999999999654,-6.138421052631744,2.449999999999818,-1.1746349894166948,-0.174635017866196,0.0,1.0,0.0,13.970000000000255,False,0,True,111,True,114,False,0,True,6,True,112,525.0,0.0
2024-03-25,2177.35,34814,2180.09,2162.6,2174.75,2211.72,2176.57,2194.145,2202.9325,2185.3575,2169.108,2165.369,-10.098070175438743,-16.01000000000022,7.391929824561494,17.2800000000002,-0.5773624698728493,0.42263747295162496,1.0,0.0,1.1700000000000728,0.0,True,2,False,0,False,0,True,114,True,25,True,98,435.0,0.0
2024-03-26,2182.38,34024,2181.26,2163.5,2177.35,2180.09,2162.6,2171.3450000000003,2175.7175,2166.9725000000003,2192.027,2171.221,1.9971929824559196,-11.590000000000146,19.75719298245614,35.05000000000018,0.11245455349106652,1.1124544971847634,1.0,0.0,18.769999999999982,0.0,True,64,False,0,True,74,False,0,True,72,True,45,210.0,0.0
2024-03-27,2192.25,34269,2200.03,2169.62,2182.38,2181.26,2163.5,2172.38,2176.82,2167.94,2191.803,2186.055,-15.440701754386142,-23.920000000000073,14.969298245614167,27.230000000000018,-0.5077507808824467,0.4922491862336346,0.0,0.0,0.0,0.0,False,0,False,0,True,113,False,0,True,59,True,57,195.0,0.0
2024-03-28,2206.43,40855,2197.55,2175.71,2192.25,2200.03,2169.62,2184.825,2192.4275,2177.2225,2212.948,2195.002,4.390964912280544,-5.700000000000273,26.23096491228069,39.940000000000055,0.20105149776689635,1.2010514519793527,1.0,0.0,19.539999999999964,0.0,True,69,False,0,True,114,False,0,True,114,True,3,0.0,180.0
2024-04-02,2258.47,35263,2265.61,2243.59,2253.98,2217.09,2190.86,2203.9750000000004,2210.5325000000003,2197.4175000000005,2257.304,2253.862,-8.209035087719418,-14.800000000000182,13.810964912280564,20.210000000000036,-0.37279903337513126,0.6272009212116101,1.0,0.0,1.1599999999998545,0.0,True,1,False,0,True,114,False,0,True,102,True,32,40.0,0.0
2024-04-05,2295.54,35644,2300.67,2282.87,2290.09,2287.04,2265.42,2276.23,2281.635,2270.825,2294.515,2287.337,-13.919649122807083,-23.5,3.8803508771930995,15.480000000000018,-0.7820027157755182,0.21799722804470964,0.0,1.0,0.0,6.299999999999727,False,0,True,40,True,85,False,0,True,53,True,79,225.0,0.0
2024-04-10,2326.48,40784,2365.28,2343.05,2352.73,2345.5,2322.77,2334.135,2339.8175,2328.4525000000003,2356.023,2346.004,-14.647631578947559,-43.070000000000164,7.582368421052459,16.829999999999927,-0.6589127719313889,0.3410871830843576,0.0,1.0,0.0,21.090000000000146,False,0,True,12,True,108,True,5,True,64,True,58,5.0,0.0
2024-04-11,2342.66,46960,2360.03,2321.96,2326.48,2365.28,2343.05,2354.165,2359.7225,2348.6075,2338.614,2336.487,-22.623596491228287,-32.0600000000004,15.446403508771876,23.90000000000009,-0.5942630915935145,0.40573688213908404,0.0,0.0,0.0,0.0,False,0,False,0,False,0,True,114,True,114,True,1,0.0,290.0
2024-04-17,2387.92,41207,2389.01,2362.99,2378.55,2362.48,2344.58,2353.5299999999997,2358.0049999999997,2349.055,2388.593,2380.616,-4.556842105263382,-16.210000000000036,21.463157894737055,30.870000000000346,-0.17512843697674357,0.8248715245912824,1.0,0.0,5.279999999999745,0.0,True,31,False,0,True,114,False,0,True,100,True,22,0.0,90.0
2024-04-18,2390.88,41160,2394.29,2372.64,2387.92,2389.01,2362.99,2376.0,2382.505,2369.495,2379.902,2377.967,-14.726140350877147,-21.039999999999964,6.923859649122944,18.240000000000236,-0.6801912088076617,0.31980874500296397,0.0,0.0,0.0,0.0,False,0,False,0,True,31,False,0,True,3,True,114,540.0,0.0
2024-04-19,2381.97,59791,2391.51,2373.13,2390.88,2394.29,2372.64,2383.465,2388.8775,2378.0525000000002,2383.915,2380.614,-8.86157894736865,-17.670000000000073,9.518421052631458,18.809999999999945,-0.4821315813513067,0.5178683642417322,1.0,1.0,2.3099999999999454,0.22000000000025466,True,4,True,3,True,15,True,20,True,6,True,114,0.0,0.0
2024-04-24,2320.21,30443,2316.77,2291.39,2311.84,2372.9,2333.19,2353.045,2362.9725,2343.1175000000003,2324.108,2314.862,4.0445614035088,-3.9299999999998363,29.424561403508907,38.590000000000146,0.15936017510435802,1.1593601357032564,1.0,0.0,14.5300000000002,0.0,True,85,False,0,False,0,True,114,True,114,True,1,0.0,330.0
2024-04-25,2316.62,28622,2331.3,2311.78,2320.21,2316.77,2291.39,2304.08,2310.425,2297.7349999999997,2330.011,2325.301,-8.168596491228252,-18.670000000000073,11.35140350877173,21.58999999999969,-0.41847315946491287,0.5815267893055815,1.0,0.0,3.419999999999618,0.0,True,4,False,0,True,114,False,0,True,83,True,39,110.0,0.0
2024-04-29,2334.01,31920,2352.5,2333.46,2342.02,2334.72,2312.35,2323.535,2329.1274999999996,2317.9425,2333.633,2331.855,-16.923947368421043,-24.889999999999873,2.1160526315789197,10.110000000000127,-0.8888627352709212,0.11113721220807307,0.0,1.0,0.0,6.050000000000182,False,0,True,54,True,112,False,0,True,16,True,105,345.0,0.0
2024-05-02,2290.19,29821,2302.2,2281.63,2301.1,2329.47,2302.91,2316.1899999999996,2322.8299999999995,2309.5499999999997,2302.706,2299.049,4.392456140351067,-14.1899999999996,24.962456140350774,38.83999999999969,0.21353699206680296,1.213536943452318,1.0,0.0,18.789999999999964,0.0,True,77,False,0,False,0,True,68,True,85,True,43,0.0,330.0
2024-05-07,2318.38,29334,2330.26,2308.14,2324.51,2320.59,2294.66,2307.625,2314.1075,2301.1425,2315.555,2313.971,-12.516403508772152,-18.850000000000364,9.603596491228194,16.5300000000002,-0.5658410010366616,0.43415895375538377,0.0,0.0,0.0,0.0,False,0,False,0,True,101,False,0,True,3,True,114,0.0,0.0
2024-05-08,2307.98,32891,2325.06,2310.01,2318.38,2330.26,2308.14,2319.2,2324.73,2313.6699999999996,2315.762,2313.909,-11.045087719298193,-20.699999999999818,4.004912280701535,10.639999999999873,-0.7338928229505363,0.2661071106042855,0.0,1.0,0.0,6.290000000000418,False,0,True,30,False,0,True,47,True,27,True,105,10.0,0.0
2024-05-09,2317.5,32156,2321.32,2303.72,2307.98,2325.06,2310.01,2317.535,2321.2974999999997,2313.7725,2315.056,2311.488,-7.306052631579122,-13.809999999999945,10.293947368421241,23.79000000000042,-0.415116603208089,0.5848833399737322,1.0,0.0,8.009999999999764,0.0,True,9,False,0,True,9,True,69,True,114,True,8,0.0,225.0
2024-05-14,2348.5,30853,2356.98,2338.47,2345.74,2378.32,2351.24,2364.7799999999997,2371.5499999999997,2358.0099999999998,2344.744,2343.009,-13.541754385964914,-20.639999999999873,4.968245614035304,11.620000000000346,-0.7315912293016491,0.26840871667350236,0.0,1.0,0.0,2.399999999999636,False,0,True,21,False,0,True,114,True,38,True,99,100.0,0.0
2024-05-17,2401.14,34287,2394.52,2373.37,2379.2,2378.41,2355.73,2367.0699999999997,2372.74,2361.3999999999996,2385.658,2382.649,-9.388508771929793,-17.570000000000164,11.761491228070298,29.66000000000031,-0.44390110298007796,0.5560988497386004,1.0,0.0,10.699999999999818,0.0,True,6,False,0,True,114,False,0,True,102,True,13,60.0,0.0
2024-05-21,2428.92,40556,2450.07,2407.4,2418.63,2405.22,2376.63,2390.925,2398.0725,2383.7775,2417.111,2414.708,-31.91421052631592,-40.190000000000055,10.755789473684153,22.309999999999945,-0.7479308595824937,0.2520691169818378,0.0,0.0,0.0,0.0,False,0,False,0,True,114,False,0,True,50,True,82,210.0,0.0
2024-05-27,2350.48,28640,2344.9,2330.57,2344.74,2374.05,2355.04,2364.545,2369.2975,2359.7925,2345.306,2342.459,-1.0660526315790289,-6.5900000000001455,13.263947368420899,20.06999999999971,-0.07439306051542036,0.925606869700914,1.0,0.0,6.809999999999945,0.0,True,47,False,0,False,0,True,114,True,48,True,98,0.0,0.0
2024-05-28,2360.86,33390,2351.71,2338.19,2350.48,2344.9,2330.57,2337.735,2341.3175,2334.1525,2345.335,2342.827,-4.240000000000041,-11.050000000000182,9.27999999999994,24.909999999999854,-0.31360944425966,0.6863904817758485,1.0,0.0,12.429999999999836,0.0,True,32,False,0,True,114,False,0,True,40,True,77,0.0,115.0
2024-05-29,2344.55,40791,2364.14,2340.32,2360.86,2351.71,2338.19,2344.95,2348.33,2341.5699999999997,2345.877,2343.061,-14.943157894736698,-27.86999999999989,8.87684210526301,19.519999999999982,-0.6273365771368724,0.3726633808816011,0.0,1.0,0.0,5.710000000000036,False,0,True,8,True,57,True,16,True,2,True,114,95.0,0.0
2024-05-30,2343.17,41967,2361.37,2334.61,2344.55,2364.14,2340.32,2352.23,2358.185,2346.275,2335.72,2333.36,-26.561228070175314,-38.11999999999989,0.19877192982444844,9.679999999999836,-0.9925720133633608,0.007427949267432771,0.0,1.0,0.0,11.870000000000346,False,0,True,67,False,0,True,114,True,4,True,114,515.0,0.0
2024-05-31,2354.11,36535,2345.16,2322.74,2343.17,2361.37,2334.61,2347.99,2354.68,2341.2999999999997,2343.947,2341.834,-0.8994736842103864,-4.730000000000018,21.520526315789688,36.41000000000031,-0.040119252635643664,0.9598807027613252,1.0,0.0,14.640000000000327,0.0,True,18,False,0,True,8,True,12,True,85,True,75,0.0,15.0
2024-06-04,2337.27,40775,2336.51,2314.77,2333.71,2359.8,2339.72,2349.76,2354.78,2344.7400000000002,2348.969,2332.346,1.7238596491225955,-10.940000000000055,23.46385964912283,36.11999999999989,0.07929436843736008,1.079294322439202,1.0,0.0,15.229999999999563,0.0,True,58,False,0,False,0,True,79,True,76,True,53,0.0,280.0
2024-06-05,2342.45,37447,2351.74,2325.42,2337.27,2336.51,2314.77,2325.6400000000003,2331.0750000000003,2320.2050000000004,2333.562,2331.755,-16.914210526315564,-23.159999999999854,9.405789473684145,18.559999999999945,-0.6426371536352051,0.35736280837087536,0.0,0.0,0.0,0.0,False,0,False,0,True,112,False,0,True,34,True,91,0.0,0.0
2024-06-07,2325.41,46108,2371.46,2353.44,2360.95,2345.31,2328.14,2336.725,2341.0175,2332.4325,2375.946,2332.884,-16.991929824561456,-54.809999999999945,1.028070175438527,34.04999999999973,-0.942948328613382,0.05705161589272543,1.0,1.0,16.230000000000018,40.13000000000011,True,49,True,64,True,68,True,17,True,50,True,66,0.0,240.0
2024-06-11,2313.08,39913,2308.56,2287.78,2303.92,2387.69,2313.31,2350.5,2369.0950000000003,2331.9049999999997,2307.093,2302.422,-2.633070175438557,-9.519999999999982,18.146929824561187,31.6899999999996,-0.12671174440456423,0.8732882074722427,1.0,0.0,11.38000000000011,0.0,True,20,False,0,False,0,True,114,True,78,True,56,0.0,0.0
2024-06-12,2340.24,34325,2319.94,2297.75,2313.08,2308.56,2287.78,2298.17,2303.365,2292.9750000000004,2315.706,2312.462,-3.8682456140351396,-8.480000000000018,18.321754385964915,43.0,-0.17432381431776997,0.8256761406168872,1.0,0.0,21.7199999999998,0.0,True,12,False,0,True,114,False,0,True,102,True,45,0.0,40.0
2024-06-14,2327.81,39837,2326.67,2304.05,2319.02,2341.66,2310.84,2326.25,2333.955,2318.545,2329.643,2310.537,-8.027894736842171,-22.960000000000036,14.59210526315772,31.529999999999745,-0.3549024925702793,0.6450974632210578,1.0,1.0,9.920000000000073,0.4600000000000364,True,38,True,4,True,3,True,67,True,54,True,67,245.0,0.0
2024-06-18,2317.48,34479,2326.31,2315.52,2323.7,2336.59,2303.59,2320.09,2328.34,2311.84,2314.316,2311.437,-10.204824561403468,-18.9699999999998,0.5851754385964956,9.139999999999873,-0.9457667855085002,0.05423312181310248,0.0,1.0,0.0,8.88000000000011,False,0,True,61,False,0,True,37,True,10,True,111,0.0,0.0
2024-06-25,2324.25,33205,2332.8,2320.83,2330.75,2368.73,2354.0,2361.365,2365.0474999999997,2357.6825,2326.559,2324.933,-4.334035087719485,-9.820000000000164,7.63596491228077,15.700000000000273,-0.362074747338734,0.6379251691190841,1.0,0.0,4.329999999999927,0.0,True,26,False,0,False,0,True,114,True,29,True,89,305.0,0.0
2024-06-27,2322.06,33702,2318.41,2296.73,2296.79,2337.13,2321.68,2329.4049999999997,2333.2675,2325.5424999999996,2314.887,2299.598,-10.227192982455986,-20.83999999999969,11.45280701754385,27.259999999999764,-0.4717339718967754,0.5282659819777654,1.0,1.0,7.180000000000291,0.19000000000005457,True,17,True,1,False,0,True,114,True,114,True,1,0.0,120.0
2024-06-28,2331.54,33291,2325.59,2296.54,2322.06,2318.41,2296.73,2307.5699999999997,2312.99,2302.1499999999996,2336.598,2327.144,3.5977192982454653,-5.640000000000327,32.64771929824565,41.559999999999945,0.12384575471255381,1.1238457202891472,1.0,0.0,14.159999999999854,0.0,True,93,False,0,True,114,False,0,True,101,True,16,65.0,0.0
2024-07-01,2327.79,35029,2339.75,2319.79,2331.54,2325.59,2296.54,2311.065,2318.3275000000003,2303.8025,2327.988,2324.825,-12.285175438596474,-20.519999999999982,7.674824561403563,18.409999999999854,-0.6154897205965295,0.3845102293032725,0.0,1.0,0.0,1.2899999999999636,False,0,True,5,True,114,False,0,True,24,True,93,400.0,0.0
2024-07-02,2328.84,33817,2338.53,2318.5,2327.79,2339.75,2319.79,2329.77,2334.76,2324.7799999999997,2331.047,2324.031,-11.562543859649312,-18.230000000000018,8.467456140350889,13.320000000000164,-0.5772612722110795,0.4227386778638106,0.0,0.0,0.0,0.0,False,0,False,0,False,0,True,38,True,59,True,75,45.0,0.0
2024-07-05,2374.51,34186,2360.43,2350.64,2357.49,2356.12,2331.76,2343.94,2350.0299999999997,2337.8500000000004,2366.911,2363.988,4.9574561403510415,1.430000000000291,14.747456140351005,26.269999999999982,0.5063795336028117,1.506379431457776,1.0,0.0,19.63000000000011,0.0,True,114,False,0,True,114,False,0,True,114,True,1,0.0,510.0
2024-07-08,2374.95,33612,2380.06,2352.3,2374.51,2360.43,2350.64,2355.535,2357.9825,2353.0874999999996,2374.166,2372.221,-2.821754385964863,-10.829999999999927,24.9382456140349,34.26999999999998,-0.1016482090892175,0.898351754887729,1.0,0.0,6.75,0.0,True,40,False,0,True,114,False,0,True,75,True,52,0.0,275.0
2024-07-11,2408.33,33268,2381.82,2366.66,2380.55,2368.77,2356.14,2362.455,2365.6125,2359.2974999999997,2383.936,2380.305,2.3565789473682663,-3.0900000000001455,17.516578947368576,43.18000000000029,0.1554471498628673,1.155447083899811,1.0,0.0,31.159999999999854,0.0,True,75,False,0,True,114,False,0,True,100,True,34,25.0,0.0
2024-07-12,2401.34,37447,2412.98,2378.49,2408.33,2381.82,2366.66,2374.24,2378.0299999999997,2370.45,2404.207,2401.261,-8.706403508771956,-20.289999999999964,25.78359649122828,31.0,-0.2524326835702874,0.7475672874358021,0.0,0.0,0.0,0.0,False,0,False,0,True,114,False,0,True,19,True,105,0.0,0.0
2024-07-15,2416.11,37899,2410.1,2391.44,2401.34,2412.98,2378.49,2395.7349999999997,2404.3574999999996,2387.1124999999997,2415.718,2410.576,1.1348245614035677,-8.239999999999782,19.794824561403424,28.639999999999873,0.060815889634924264,1.060815836044359,1.0,0.0,10.760000000000218,0.0,True,76,False,0,True,106,False,0,True,114,True,1,0.0,190.0
2024-07-18,2462.84,76798,2479.27,2461.91,2473.83,2444.02,2425.11,2434.565,2439.2925,2429.8375,2466.347,2463.274,-12.193684210526278,-17.929999999999836,5.166315789473848,12.550000000000182,-0.7024011237399231,0.29759881865639354,0.0,1.0,0.0,1.7100000000000364,False,0,True,5,True,114,False,0,True,2,True,114,185.0,0.0
2024-07-22,2396.36,75667,2429.21,2393.71,2396.04,2474.8,2460.2,2467.5,2471.15,2463.85,2404.15,2402.09,-26.93289473684214,-39.570000000000164,8.56710526315786,13.559999999999945,-0.7586730698075795,0.24132690202340729,0.0,1.0,0.0,5.010000000000218,False,0,True,5,False,0,True,114,True,110,True,13,0.0,485.0
2024-07-23,2404.42,81051,2408.27,2388.7,2396.36,2429.21,2393.71,2411.46,2420.335,2402.585,2408.162,2404.413,-7.490701754385934,-19.949999999999818,12.07929824561423,22.360000000000127,-0.3827645054482046,0.6172354434531776,1.0,1.0,3.6399999999998727,0.5299999999997453,True,13,True,5,False,0,True,58,True,83,True,38,0.0,45.0
2024-07-26,2378.93,78028,2382.4,2362.68,2369.82,2422.95,2409.7,2416.325,2419.6375,2413.0125,2373.631,2370.536,-10.015263157894827,-16.210000000000036,9.704736842105428,16.38000000000011,-0.5078733595345506,0.4921265897555128,0.0,0.0,0.0,0.0,False,0,False,0,False,0,True,114,True,104,True,25,0.0,55.0
2024-07-30,2394.38,67565,2396.62,2385.36,2393.46,2379.82,2365.12,2372.4700000000003,2376.1450000000004,2368.795,2389.575,2388.581,-7.769122807017423,-10.779999999999745,3.4908771929823406,9.019999999999982,-0.6899753212293309,0.3100245899607304,0.0,0.0,0.0,0.0,False,0,False,0,True,114,False,0,True,2,True,114,555.0,0.0
2024-08-07,2400.64,84600,2416.21,2388.71,2395.66,2458.65,2364.06,2411.355,2435.0025,2387.7075,2393.435,2391.191,-21.219122807017573,-29.720000000000255,6.280877192982428,18.050000000000182,-0.7716044376513866,0.22839552598497825,0.0,1.0,0.0,3.130000000000109,False,0,True,8,False,0,True,3,True,49,True,83,75.0,0.0
2024-08-08,2409.81,94173,2406.9,2385.58,2400.64,2416.21,2388.71,2402.46,2409.335,2395.585,2395.978,2393.553,-7.193771929824634,-14.090000000000146,14.126228070175529,27.659999999999854,-0.3374189302254057,0.6625810228702813,1.0,0.0,8.480000000000018,0.0,True,27,False,0,True,21,True,51,True,34,True,82,400.0,0.0
2024-08-12,2445.94,62261,2432.49,2416.78,2431.82,2415.38,2392.34,2403.86,2409.62,2398.1000000000004,2444.535,2441.647,6.674736842105483,-3.699999999999818,22.384736842105063,29.159999999999854,0.4248718279588691,1.4248717643051494,1.0,0.0,13.970000000000255,0.0,True,101,False,0,True,114,False,0,True,106,True,16,35.0,0.0
2024-08-14,2450.78,77934,2472.42,2458.4,2467.23,2446.46,2428.17,2437.315,2441.8875,2432.7425000000003,2474.925,2471.742,-3.984122807017608,-21.639999999999873,10.035877192982374,19.199999999999818,-0.2841742170359056,0.7158257116374234,1.0,1.0,7.279999999999745,8.940000000000055,True,48,True,3,True,114,False,0,True,77,True,48,170.0,0.0
2024-08-15,2450.93,74310,2479.7,2449.46,2450.78,2472.42,2458.4,2465.41,2468.915,2461.9049999999997,2456.002,2452.016,-24.078771929824395,-45.429999999999836,6.161228070175388,17.309999999999945,-0.796255659178866,0.203744307752352,0.0,1.0,0.0,17.36999999999989,False,0,True,9,True,1,True,106,True,108,True,12,0.0,90.0
2024-08-19,2489.94,80990,2492.44,2451.05,2487.85,2469.95,2432.09,2451.02,2460.4849999999997,2441.5550000000003,2503.826,2500.563,6.173947368421004,-4.380000000000109,47.56394736842088,55.26999999999998,0.1491651901245671,1.1491651659641426,1.0,0.0,14.650000000000091,0.0,True,97,False,0,True,114,False,0,True,114,True,4,0.0,440.0
2024-08-22,2492.94,76624,2519.47,2504.36,2506.36,2529.11,2497.23,2513.17,2521.1400000000003,2505.2,2507.434,2501.343,-15.738771929824356,-26.529999999999745,-0.6287719298246837,5.960000000000036,-1.0416128979623958,-0.0416129641437282,0.0,1.0,0.0,13.170000000000073,False,0,True,71,False,0,True,79,True,38,True,92,130.0,0.0
2024-08-23,2500.05,66089,2510.48,2491.19,2492.94,2519.47,2504.36,2511.915,2515.6925,2508.1375,2500.276,2493.307,-13.97763157894738,-19.110000000000127,5.312368421052585,11.259999999999764,-0.7246050209612432,0.27539492719842756,0.0,1.0,0.0,0.6700000000000728,False,0,True,3,False,0,True,114,True,106,True,33,0.0,15.0
2024-08-28,2510.04,78330,2517.43,2503.45,2506.55,2526.7,2508.63,2517.665,2522.1825,2513.1475,2510.151,2506.594,-10.568157894736682,-22.86999999999989,3.411842105263336,11.680000000000291,-0.7559482931894403,0.2440516352798066,0.0,1.0,0.0,9.899999999999636,False,0,True,27,False,0,True,109,True,80,True,53,0.0,90.0
2024-08-29,2510.52,79664,2516.08,2493.55,2510.04,2517.43,2503.45,2510.4399999999996,2513.9349999999995,2506.9449999999997,2518.832,2516.649,1.4422807017544743,-10.989999999999782,23.97228070175422,29.9699999999998,0.06401600700126425,1.064015962616002,1.0,0.0,8.210000000000036,0.0,True,98,False,0,True,105,True,3,True,110,True,11,0.0,510.0
2024-09-03,2492.88,83365,2507.18,2495.2,2498.66,2526.75,2512.07,2519.41,2523.08,2515.74,2495.991,2493.727,-9.806929824561253,-21.23999999999978,2.173070175438764,10.039999999999964,-0.8186084312147587,0.1813914853127943,0.0,1.0,0.0,10.529999999999745,False,0,True,52,False,0,True,114,True,45,True,79,175.0,0.0
2024-09-04,2486.14,78347,2506.18,2484.67,2492.88,2507.18,2495.2,2501.1899999999996,2504.1849999999995,2498.1949999999997,2488.821,2486.197,-19.156315789473513,-32.98000000000002,2.353684210526249,11.739999999999782,-0.8905771687074177,0.10942278480257975,0.0,1.0,0.0,12.900000000000091,False,0,True,41,False,0,True,114,True,25,True,91,0.0,115.0
2024-09-06,2508.51,74195,2523.31,2493.72,2518.47,2496.69,2471.77,2484.23,2490.46,2478.0,2519.627,2517.264,-5.037982456140287,-14.799999999999727,24.552017543859858,31.730000000000018,-0.1702596243961013,0.8297403418086987,1.0,0.0,5.769999999999982,0.0,True,6,False,0,True,114,False,0,True,77,True,81,0.0,0.0
2024-09-10,2514.77,71294,2505.14,2485.44,2502.84,2529.08,2506.63,2517.855,2523.4674999999997,2512.2425000000003,2506.424,2504.823,-0.34780701754372084,-4.819999999999709,19.352192982456096,29.329999999999927,-0.017655177659317074,0.9823447715792641,1.0,0.0,10.090000000000146,0.0,True,58,False,0,False,0,True,110,True,83,True,45,75.0,0.0
2024-09-11,2507.53,86754,2515.23,2500.02,2514.77,2505.14,2485.44,2495.29,2500.215,2490.365,2523.288,2520.467,5.687105263157874,-10.7800000000002,20.89710526315791,27.5300000000002,0.3739056468936367,1.3739055811474215,1.0,0.0,13.699999999999818,0.0,True,103,False,0,True,114,False,0,True,103,True,12,0.0,510.0
2024-09-16,2583.37,72173,2581.02,2563.0,2576.89,2542.27,2512.9,2527.585,2534.9275,2520.2425000000003,2585.773,2581.229,3.367280701754393,-3.800000000000182,21.387280701754374,25.960000000000036,0.1868635135899491,1.1868634580960564,1.0,0.0,8.539999999999964,0.0,True,105,False,0,True,114,False,0,True,114,True,1,0.0,410.0
2024-09-17,2576.41,77902,2589.56,2575.17,2583.37,2581.02,2563.0,2572.01,2576.5150000000003,2567.505,2578.043,2576.092,-11.302105263157856,-20.570000000000164,3.0878947368420175,10.409999999999854,-0.78541379275498,0.21458613775232155,0.0,1.0,0.0,6.880000000000109,False,0,True,37,True,83,False,0,True,23,True,99,135.0,0.0
2024-09-18,2577.38,68323,2586.82,2568.29,2576.41,2589.56,2575.17,2582.365,2585.9624999999996,2578.7675,2570.371,2568.794,-14.822631578947522,-20.7800000000002,3.7073684210526783,11.510000000000218,-0.7999261078802619,0.2000738381532002,0.0,1.0,0.0,2.650000000000091,False,0,True,26,False,0,True,114,True,29,True,102,390.0,0.0
2024-09-19,2578.3,98742,2580.62,2565.64,2577.38,2586.82,2568.29,2577.5550000000003,2582.1875000000005,2572.9225,2589.188,2574.329,-0.7185964912279551,-19.40000000000009,14.261403508772062,27.41000000000031,-0.04797039007059841,0.9520295431737318,1.0,1.0,14.140000000000327,6.170000000000073,True,63,True,14,True,61,True,24,True,79,True,49,140.0,0.0
2024-09-24,2633.74,91762,2631.22,2613.78,2629.54,2619.23,2591.27,2605.25,2612.24,2598.26,2628.971,2627.139,-0.6333333333331322,-7.059999999999945,16.806666666666466,25.2199999999998,-0.03631498262718831,0.9636849600333653,1.0,0.0,8.740000000000236,0.0,True,50,False,0,True,114,False,0,True,64,True,66,0.0,105.0
2024-09-26,2667.8,96424,2665.64,2651.47,2664.19,2639.96,2622.56,2631.26,2635.61,2626.9100000000003,2663.698,2660.799,2.19649122807028,-7.019999999999982,16.366491228070352,33.940000000000055,0.15500995575584425,1.1550098851842192,1.0,0.0,19.800000000000182,0.0,True,67,False,0,True,114,False,0,True,68,True,50,225.0,0.0
2024-09-27,2665.97,96839,2685.44,2657.9,2667.8,2665.64,2651.47,2658.555,2662.0975,2655.0125,2664.114,2662.433,-19.546578947368477,-26.300000000000182,7.993421052631487,15.440000000000055,-0.7097522962097388,0.2902476674794419,0.0,0.0,0.0,0.0,False,0,False,0,True,109,False,0,True,42,True,92,0.0,80.0
2024-10-01,2653.85,73799,2660.51,2634.36,2640.63,2674.2,2658.23,2666.215,2670.2075,2662.2225000000003,2645.408,2643.378,-14.275964912280909,-22.43000000000029,11.874035087719182,21.59999999999991,-0.5459259795929209,0.45407398216616285,0.0,0.0,0.0,0.0,False,0,False,0,False,0,True,114,True,101,True,14,65.0,0.0
2024-10-02,2657.79,78548,2656.57,2637.29,2653.85,2660.51,2634.36,2647.4350000000004,2653.9725000000003,2640.8975000000005,2654.246,2652.737,-4.866491228070341,-11.200000000000273,14.413508771929859,20.5,-0.2524113576586583,0.7475885904741244,1.0,0.0,1.449999999999818,0.0,True,2,False,0,True,39,False,0,True,40,True,102,0.0,20.0
2024-10-04,2651.41,72946,2657.4,2640.89,2649.31,2658.02,2643.68,2650.85,2654.435,2647.265,2660.221,2656.446,2.0526315789472847,-20.920000000000073,18.562631578947503,26.740000000000236,0.12432655691221686,1.1243264963428685,1.0,1.0,10.36999999999989,8.980000000000018,True,101,True,7,True,103,True,11,True,107,True,12,0.0,510.0
2024-10-07,2647.37,40117,2667.77,2631.91,2651.41,2657.4,2640.89,2649.145,2653.2725,2645.0175,2652.704,2642.344,-17.864035087719294,-27.86999999999989,17.995964912280833,27.329999999999927,-0.4981604737746447,0.501839498339132,0.0,0.0,0.0,0.0,False,0,False,0,True,43,True,34,True,57,True,69,230.0,0.0
2024-10-08,2639.14,43737,2659.61,2637.74,2647.37,2667.77,2631.91,2649.84,2658.8050000000003,2640.875,2646.557,2642.716,-17.72201754385974,-29.420000000000073,4.147982456140605,14.390000000000327,-0.8103345557167309,0.1896653985585341,0.0,1.0,0.0,9.109999999999673,False,0,True,34,False,0,True,51,True,25,True,101,415.0,0.0
2024-10-15,2651.83,39046,2666.77,2647.69,2653.45,2650.07,2636.17,2643.12,2646.595,2639.645,2655.339,2653.338,-17.14728070175437,-27.34999999999991,1.9327192982455577,8.570000000000164,-0.8987043921933985,0.10129555539570281,0.0,1.0,0.0,9.360000000000127,False,0,True,42,True,84,True,3,True,41,True,95,210.0,0.0
2024-10-17,2683.1,40291,2684.38,2665.6,2680.81,2657.34,2638.33,2647.835,2652.5875,2643.0825,2682.211,2680.563,-2.616052631579059,-9.800000000000182,16.16394736842114,22.809999999999945,-0.1392999197166726,0.8607000270351939,1.0,0.0,4.420000000000073,0.0,True,24,False,0,True,114,False,0,True,82,True,58,70.0,0.0
2024-10-22,2739.37,39147,2740.21,2723.53,2736.07,2716.97,2701.78,2709.375,2713.1724999999997,2705.5775000000003,2735.568,2734.377,-5.687982456140397,-10.170000000000073,10.99201754385944,15.83999999999969,-0.3410061220104515,0.6589938180375137,1.0,0.0,0.11999999999989086,0.0,True,2,False,0,True,114,False,0,True,35,True,99,140.0,0.0
2024-10-23,2739.36,41072,2740.33,2729.02,2739.37,2740.21,2723.53,2731.87,2736.04,2727.7,2752.824,2750.001,10.143596491228122,-5.690000000000055,21.453596491228065,28.75,0.8968696369901444,1.8968695485728226,1.0,0.0,18.139999999999873,0.0,True,112,False,0,True,114,False,0,True,112,True,5,0.0,545.0
2024-10-24,2742.54,39929,2758.47,2731.65,2739.36,2740.33,2729.02,2734.675,2737.5025,2731.8475000000003,2738.474,2736.391,-23.94964912280682,-35.059999999999945,2.870350877192889,10.889999999999873,-0.8929771897774008,0.10702277293699282,0.0,1.0,0.0,8.800000000000182,False,0,True,30,True,50,True,30,True,13,True,110,465.0,0.0
2024-10-28,2741.59,38951,2732.6,2717.02,2728.35,2742.64,2722.85,2732.745,2737.6925,2727.7974999999997,2742.796,2731.397,3.3251754385965846,-4.589999999999691,18.905175438596512,27.329999999999927,0.21342588094805642,1.2134258167632082,1.0,0.0,11.950000000000273,0.0,True,91,False,0,True,47,False,0,True,114,True,2,0.0,315.0
2024-10-31,2749.86,43203,2789.84,2770.87,2777.32,2771.72,2746.33,2759.0249999999996,2765.3724999999995,2752.6775,2780.484,2776.439,-12.688771929824705,-39.98000000000002,6.281228070175549,14.970000000000255,-0.6688862024743454,0.3311137448108445,0.0,1.0,0.0,22.73999999999978,False,0,True,18,True,104,True,6,True,88,True,41,0.0,210.0
2024-11-01,2751.71,45551,2786.55,2748.13,2749.86,2789.84,2770.87,2780.355,2785.0975,2775.6125,2754.008,2752.175,-33.65192982456158,-40.289999999999964,4.768070175438492,13.08999999999969,-0.8758961204754139,0.12410385349647657,0.0,1.0,0.0,3.2899999999999636,False,0,True,12,False,0,True,114,True,105,True,22,0.0,145.0
2024-11-05,2734.03,42473,2748.16,2732.04,2741.59,2762.26,2744.84,2753.55,2757.905,2749.195,2742.225,2737.441,-8.358333333333169,-16.129999999999654,7.761666666666722,17.480000000000018,-0.5185069984383515,0.48149293952691286,1.0,1.0,1.7200000000002547,0.3400000000001455,True,2,True,2,False,0,True,114,True,45,True,88,170.0,0.0
2024-11-06,2668.3,55162,2749.88,2731.7,2734.03,2748.16,2732.04,2740.1,2744.13,2736.0699999999997,2730.184,2721.037,-45.16675438596501,-96.46000000000004,-26.986754385964716,5.150000000000091,-2.484419796564603,-1.4844198515701008,0.0,1.0,0.0,79.25999999999976,False,0,True,111,False,0,True,113,True,5,True,113,0.0,5.0
2024-11-07,2698.91,46395,2739.33,2652.44,2668.3,2749.88,2731.7,2740.79,2745.335,2736.245,2667.672,2662.721,-69.67254385964902,-85.42999999999984,17.21745614035084,46.4699999999998,-0.801847658623564,0.19815232986763193,0.0,0.0,0.0,0.0,False,0,False,0,False,0,True,114,True,38,True,80,295.0,0.0
2024-11-08,2690.15,47711,2699.85,2652.82,2698.91,2739.33,2652.44,2695.885,2717.6075,2674.1625000000004,2690.35,2687.85,-10.300964912280621,-17.549999999999727,36.729035087719126,50.029999999999745,-0.21902965539551397,0.7809703233414629,1.0,0.0,4.25,0.0,True,8,False,0,False,0,False,0,True,9,True,112,470.0,0.0
2024-11-13,2597.23,44597,2616.96,2589.81,2603.34,2675.33,2617.71,2646.52,2660.925,2632.115,2610.858,2608.208,-8.981403508771958,-20.730000000000018,18.168596491228133,25.88000000000011,-0.3308067468863787,0.6691932162812101,1.0,0.0,1.849999999999909,0.0,True,1,False,0,False,0,True,114,True,108,True,11,0.0,130.0
2024-11-15,2569.54,48463,2572.74,2536.77,2570.5,2618.81,2593.63,2606.2200000000003,2612.5150000000003,2599.925,2568.14,2565.88,-5.836578947368205,-17.669999999999618,30.133421052631594,38.30000000000018,-0.16226240714778511,0.8377375650512705,1.0,0.0,3.3100000000004,0.0,True,18,False,0,False,0,True,114,True,31,True,100,335.0,0.0
2024-11-20,2646.1,45107,2639.4,2617.73,2627.81,2611.87,2580.41,2596.14,2604.005,2588.2749999999996,2625.207,2622.058,-9.969473684210618,-18.2800000000002,11.700526315789455,29.449999999999818,-0.4600587551523686,0.5399411987008867,1.0,0.0,9.420000000000073,0.0,True,16,False,0,True,114,False,0,True,61,True,61,0.0,65.0
2024-11-26,2626.3,46225,2688.73,2629.96,2636.53,2709.99,2684.6,2697.295,2703.6425,2690.9475,2632.107,2628.843,-63.09508771929827,-76.30999999999995,-4.325087719298289,11.590000000000146,-1.0735934430101217,-0.07359346002560542,0.0,1.0,0.0,19.070000000000164,False,0,True,86,False,0,True,114,True,5,True,111,420.0,0.0
2024-11-28,2638.39,34648,2658.2,2635.52,2642.33,2641.9,2610.89,2626.395,2634.1475,2618.6425,2646.774,2644.909,-15.269824561403308,-26.23999999999978,7.410175438596529,13.579999999999927,-0.6732726582068236,0.3267272977014676,0.0,1.0,0.0,3.6599999999998545,False,0,True,12,True,110,False,0,True,77,True,43,170.0,0.0
2024-12-03,2639.18,44201,2651.5,2621.86,2645.29,2666.37,2650.68,2658.5249999999996,2662.4474999999998,2654.6024999999995,2646.996,2644.855,-6.681491228070156,-13.590000000000146,22.958508771929715,31.980000000000018,-0.22542142384105132,0.7745785424207582,1.0,0.0,4.059999999999945,0.0,True,11,False,0,False,0,True,114,True,61,True,83,10.0,0.0
2024-12-04,2653.81,43898,2655.56,2635.22,2639.18,2651.5,2621.86,2636.6800000000003,2644.09,2629.2700000000004,2649.633,2640.972,-11.019736842105207,-22.710000000000036,9.320263157894939,18.590000000000146,-0.5417766126021886,0.45822333823360534,1.0,1.0,0.2600000000002183,2.9099999999998545,True,1,True,4,True,66,False,0,True,108,True,14,0.0,140.0
2024-12-05,2634.16,40985,2655.82,2632.31,2653.81,2655.56,2635.22,2645.39,2650.475,2640.305,2648.906,2646.672,-8.547105263158041,-21.66000000000031,14.962894736842177,20.940000000000055,-0.36355188854130466,0.6364480689236057,0.0,0.0,0.0,0.0,False,0,False,0,True,27,True,7,True,2,True,114,0.0,0.0
2024-12-06,2638.14,43390,2654.49,2633.27,2634.16,2655.82,2632.31,2644.065,2649.9425,2638.1875,2638.788,2636.518,-16.671140350876968,-26.45999999999958,4.548859649122832,11.510000000000218,-0.785633344262195,0.21436660861245366,0.0,1.0,0.0,9.239999999999782,False,0,True,16,False,0,True,76,True,106,True,20,0.0,285.0
2024-12-10,2687.75,43336,2676.32,2638.23,2672.22,2645.6,2624.03,2634.815,2640.2075,2629.4225,2674.101,2664.485,-3.734298245614207,-14.5,34.35570175438594,52.86000000000013,-0.0980388067097765,0.9019611670366144,1.0,0.0,15.409999999999854,0.0,True,37,False,0,True,114,False,0,True,57,True,65,275.0,0.0
2024-12-11,2711.71,45167,2691.73,2661.28,2687.75,2676.32,2638.23,2657.275,2666.7975,2647.7525,2696.156,2693.237,4.072368421052624,-4.820000000000164,34.52236842105244,51.25999999999976,0.13373951682473337,1.1337394839840118,1.0,0.0,21.940000000000055,0.0,True,107,False,0,True,114,False,0,True,114,True,6,0.0,0.0
2024-12-12,2685.79,48857,2713.67,2685.94,2711.71,2691.73,2661.28,2676.505,2684.1175000000003,2668.8925,2716.143,2709.908,-4.8631578947368945,-32.039999999999964,22.866842105263125,34.190000000000055,-0.1753753234533562,0.8246246404846184,1.0,1.0,6.630000000000109,5.130000000000109,True,50,True,13,True,114,False,0,True,70,True,62,0.0,10.0
2024-12-13,2654.95,47201,2720.3,2680.81,2685.79,2713.67,2685.94,2699.8050000000003,2706.7375,2692.8725000000004,2684.823,2667.761,-48.13219298245631,-65.35000000000036,-8.642192982456073,9.230000000000018,-1.2188450687164083,-0.21884509403927394,0.0,1.0,0.0,26.320000000000164,False,0,True,81,False,0,True,114,True,16,True,102,0.0,10.0
2024-12-16,2655.1,36641,2690.51,2654.49,2654.95,2720.3,2680.81,2700.5550000000003,2710.4275000000002,2690.6825000000003,2660.002,2657.887,-32.6161403508774,-39.14000000000033,3.403859649123038,9.690000000000055,-0.9055008174729646,0.0944991547646819,0.0,1.0,0.0,3.649999999999636,False,0,True,33,False,0,True,114,True,88,True,37,100.0,0.0
2024-12-17,2640.59,41422,2664.23,2650.84,2655.1,2690.51,2654.49,2672.5,2681.505,2663.495,2643.165,2638.097,-20.371491228070216,-29.429999999999836,-6.981491228070342,5.7199999999998,-1.5213957958681563,-0.5213958705507497,0.0,1.0,0.0,17.809999999999945,False,0,True,99,False,0,True,114,True,5,True,114,85.0,0.0
2024-12-18,2636.35,34681,2657.1,2633.03,2640.59,2664.23,2650.84,2657.535,2660.8824999999997,2654.1875,2648.811,2646.262,-11.952105263157815,-22.420000000000073,12.117894736841894,16.309999999999945,-0.4965560767179843,0.5034438817365251,0.0,0.0,0.0,0.0,False,0,False,0,False,0,True,114,True,100,True,15,0.0,495.0
2024-12-23,2610.91,36918,2626.09,2598.9,2624.28,2626.42,2589.88,2608.15,2617.285,2599.0150000000003,2617.257,2614.802,-3.422543859649267,-15.180000000000291,23.767456140350788,34.2199999999998,-0.12587509134881092,0.8741248718729631,1.0,0.0,7.129999999999654,0.0,True,51,False,0,True,87,False,0,True,52,True,63,0.0,255.0
2024-12-24,2612.33,29626,2633.22,2609.89,2610.91,2626.09,2598.9,2612.495,2619.2925,2605.6974999999998,2614.837,2613.633,-17.454649122806813,-22.58999999999969,5.875350877193114,10.760000000000218,-0.7481632393760663,0.2518367177606693,0.0,0.0,0.0,0.0,False,0,False,0,True,20,False,0,True,114,True,4,0.0,530.0
2024-12-27,2614.77,33286,2635.9,2621.73,2635.28,2621.46,2610.02,2615.74,2618.6,2612.8799999999997,2628.522,2625.716,-9.366754385965024,-22.039999999999964,4.803245614035049,15.550000000000182,-0.6610270800944175,0.3389728493339573,1.0,1.0,2.4400000000000546,10.039999999999964,True,14,True,27,True,98,True,1,True,15,True,104,20.0,0.0
2024-12-30,2602.92,34015,2638.34,2611.69,2614.77,2635.9,2621.73,2628.815,2632.3575,2625.2725,2617.202,2612.223,-23.15710526315803,-35.42000000000007,3.4928947368420618,12.320000000000164,-0.8689344988451576,0.1310654636313916,0.0,1.0,0.0,10.670000000000073,False,0,True,27,False,0,True,114,True,72,True,58,0.0,135.0
2025-01-03,2642.36,35185,2651.06,2631.15,2648.79,2619.58,2603.56,2611.5699999999997,2615.575,2607.5649999999996,2656.227,2653.188,2.8219298245614857,-9.320000000000164,22.73192982456134,28.730000000000018,0.14173428843933789,1.1417342382133233,1.0,0.0,9.220000000000255,0.0,True,95,False,0,True,114,False,0,True,103,True,23,0.0,440.0
2025-01-06,2639.04,41516,2660.28,2641.03,2642.36,2651.06,2631.15,2641.105,2646.0825,2636.1275,2634.713,2631.029,-26.25315789473704,-41.48000000000002,-7.003157894737039,7.829999999999927,-1.3638003392694389,-0.36380039121748814,0.0,1.0,0.0,26.580000000000382,False,0,True,89,True,16,True,86,True,27,True,92,320.0,0.0
2025-01-07,2651.26,34556,2649.45,2614.45,2639.04,2660.28,2641.03,2650.655,2655.4675,2645.8425,2661.563,2642.191,-1.4674038461536811,-11.179999999999836,33.53259615384632,48.23000000000002,-0.041925822977938815,0.9580741484506335,1.0,0.0,14.88000000000011,0.0,True,34,False,0,True,21,True,61,True,104,True,4,0.0,100.0
2025-01-08,2664.23,38614,2664.33,2638.04,2651.26,2649.45,2614.45,2631.95,2640.7,2623.2,2653.872,2651.586,-10.07956140350869,-17.769999999999982,16.210438596491272,28.26000000000022,-0.38339904983300316,0.6166009121297217,1.0,0.0,3.2600000000002183,0.0,True,13,False,0,True,114,False,0,True,97,True,38,10.0,0.0
2025-01-09,2672.0,33608,2667.59,2645.87,2664.23,2664.33,2638.04,2651.185,2657.7574999999997,2644.6125,2672.977,2664.573,0.5172807017542366,-8.860000000000127,22.237280701754493,31.390000000000327,0.023815869150016638,1.023815823109503,1.0,0.0,10.639999999999873,0.0,True,59,False,0,True,114,False,0,True,98,True,33,40.0,0.0
2025-01-10,2694.67,42816,2678.23,2658.27,2672.0,2667.59,2645.87,2656.73,2662.16,2651.3,2680.502,2677.194,1.801403508771915,-12.260000000000218,21.761403508771952,36.40000000000009,0.09025067227060317,1.0902506221704051,1.0,0.0,17.159999999999854,0.0,True,88,False,0,True,114,False,0,True,114,True,3,0.0,450.0
2025-01-14,2671.03,41315,2691.4,2663.87,2664.89,2695.39,2663.96,2679.675,2687.5325000000003,2671.8175,2669.774,2668.249,-23.483333333333427,-30.340000000000146,4.046666666666772,9.340000000000146,-0.8530088078577714,0.14699115581821964,0.0,1.0,0.0,4.0099999999997635,False,0,True,15,False,0,True,111,True,104,True,21,0.0,220.0
2025-01-20,2705.83,37316,2714.86,2702.69,2712.95,2719.52,2690.03,2704.775,2712.1475,2697.4025,2708.606,2704.741,-7.245000000000126,-11.329999999999927,4.9249999999999465,10.799999999999727,-0.5953163027677716,0.4046836150629665,0.0,1.0,0.0,1.1700000000000728,False,0,True,3,True,3,False,0,True,2,True,114,50.0,0.0
2025-01-23,2743.07,41189,2763.45,2745.59,2754.37,2739.76,2716.43,2728.0950000000003,2733.9275000000002,2722.2625000000003,2753.484,2744.005,-14.926754385964749,-27.06999999999971,2.9332456140349232,9.879999999999654,-0.8357644764949914,0.16423546751397028,0.0,1.0,0.0,10.010000000000218,False,0,True,47,True,114,False,0,True,13,True,114,20.0,0.0
2025-01-28,2756.14,38338,2771.88,2740.99,2742.07,2785.72,2770.04,2777.88,2781.8,2773.96,2744.069,2741.754,-27.58578947368435,-36.74000000000024,3.3042105263159756,15.150000000000091,-0.8930329744464579,0.1069669931806069,0.0,1.0,0.0,6.179999999999836,False,0,True,32,False,0,True,114,True,86,True,49,5.0,0.0
2025-01-29,2750.12,39504,2756.8,2734.81,2756.14,2771.88,2740.99,2756.435,2764.1575000000003,2748.7124999999996,2759.252,2757.563,2.6531578947366627,-6.680000000000291,24.6431578947369,30.389999999999873,0.12065292287784045,1.1206528774026265,1.0,0.0,9.210000000000036,0.0,True,110,False,0,True,11,False,0,True,112,True,13,0.0,380.0
2025-02-03,2821.28,45628,2817.23,2791.02,2809.59,2791.18,2760.25,2775.715,2783.4475,2767.9825,2800.394,2795.393,-16.344035087719316,-34.11000000000013,9.86596491228072,38.49000000000024,-0.6235801016459057,0.376419860200719,1.0,1.0,13.170000000000073,8.13000000000011,True,11,True,27,True,114,False,0,True,33,True,94,405.0,0.0
2025-02-04,2843.69,46836,2830.4,2782.89,2821.28,2817.23,2791.02,2804.125,2810.6775,2797.5725,2816.979,2813.064,-9.749561403508862,-22.860000000000127,37.76043859649136,60.80000000000018,-0.20521071770781096,0.7947892612439892,1.0,0.0,13.989999999999782,0.0,True,26,False,0,True,111,False,0,True,35,True,83,230.0,0.0
2025-02-10,2908.2,44177,2883.3,2852.39,2882.88,2871.39,2834.1,2852.745,2862.0675,2843.4224999999997,2904.471,2901.056,16.096491228069983,-2.350000000000364,47.006491228070296,58.55000000000018,0.5207535007219775,1.5207534683699888,1.0,0.0,28.0,0.0,True,112,False,0,True,114,False,0,True,112,True,4,10.0,0.0
2025-02-11,2898.1,48236,2911.3,2878.86,2908.2,2883.3,2852.39,2867.8450000000003,2875.5725,2860.1175000000003,2906.784,2899.292,-5.895438596491395,-28.610000000000127,26.54456140350866,48.90000000000009,-0.18173361327859963,0.8182663558952609,1.0,0.0,17.960000000000036,0.0,True,36,False,0,True,114,False,0,True,44,True,77,0.0,90.0
2025-02-14,2900.16,45238,2921.32,2905.89,2916.23,2898.0,2863.54,2880.77,2889.385,2872.1549999999997,2935.571,2931.081,9.638245614034926,-21.16000000000031,25.068245614035217,33.84999999999991,0.624643226791414,1.6246431619826043,1.0,1.0,18.73999999999978,8.480000000000018,True,107,True,2,True,114,False,0,True,111,True,7,0.0,480.0
2025-02-17,2899.65,36832,2940.06,2897.41,2900.16,2921.32,2905.89,2913.605,2917.4625,2909.7475,2899.676,2897.755,-40.969210526315734,-50.429999999999836,1.6807894736843592,7.110000000000127,-0.9605910800873287,0.039408896466013116,0.0,1.0,0.0,9.259999999999764,False,0,True,39,False,0,True,114,True,62,True,87,70.0,0.0
2025-02-20,2936.81,39700,2947.05,2930.18,2935.22,2929.57,2906.95,2918.26,2923.9150000000004,2912.605,2954.91,2951.684,-0.579912280701931,-21.5300000000002,16.290087719298416,24.600000000000364,-0.03437535544318694,0.9656245852799937,1.0,1.0,7.859999999999673,5.919999999999618,True,72,True,7,True,114,False,0,True,107,True,17,0.0,465.0
2025-02-21,2925.4,36849,2954.91,2924.26,2936.81,2947.05,2930.18,2938.615,2942.8325,2934.3974999999996,2931.95,2929.61,-25.11359649122792,-36.0,5.536403508771715,13.649999999999636,-0.819366906096617,0.18063306127695658,0.0,1.0,0.0,7.520000000000437,False,0,True,15,False,0,True,114,True,2,True,114,525.0,0.0
2025-02-25,2910.18,42503,2956.18,2930.78,2935.89,2938.97,2916.74,2927.8549999999996,2933.4124999999995,2922.2974999999997,2941.178,2937.516,-20.11622807017527,-46.0,5.283771929824365,12.059999999999945,-0.7919774518975633,0.20802250873235953,0.0,1.0,0.0,20.730000000000018,False,0,True,23,True,95,True,3,True,78,True,47,0.0,25.0
2025-02-26,2911.18,38118,2944.84,2910.05,2910.18,2956.18,2930.78,2943.48,2949.83,2937.13,2914.458,2911.497,-33.914912280701884,-52.76000000000022,0.875087719298076,7.949999999999818,-0.9748465451524972,0.025153426103611695,0.0,1.0,0.0,19.2800000000002,False,0,True,39,False,0,True,114,True,89,True,41,0.0,10.0
2025-03-04,2906.88,41434,2889.61,2858.83,2889.19,2866.66,2832.57,2849.615,2858.1375,2841.0924999999997,2923.184,2916.321,21.751403508771784,-4.180000000000291,52.53140350877199,68.51999999999998,0.7066732554287976,1.7066732229401695,1.0,0.0,38.15000000000009,0.0,True,103,False,0,True,114,False,0,True,103,True,14,0.0,0.0
2025-03-05,2918.29,45712,2927.76,2884.29,2906.88,2889.61,2858.83,2874.2200000000003,2881.9150000000004,2866.525,2918.073,2915.101,-12.652368421052842,-31.480000000000018,30.817631578947413,37.01000000000022,-0.29105976834582475,0.708940208649805,0.0,0.0,0.0,0.0,False,0,False,0,True,114,False,0,True,105,True,12,0.0,450.0
2025-03-06,2913.38,45550,2922.53,2894.3,2918.29,2927.76,2884.29,2906.025,2916.8925,2895.1575000000003,2906.249,2902.887,-14.811052631579143,-29.5300000000002,13.418947368420875,27.859999999999673,-0.5246564685413625,0.4753434960353301,1.0,1.0,0.5299999999997453,3.180000000000291,True,4,True,5,True,24,True,6,True,20,True,98,0.0,80.0
2025-03-07,2924.99,44636,2923.06,2891.12,2913.38,2922.53,2894.3,2908.415,2915.4725,2901.3575,2921.857,2919.033,-4.580614035087648,-14.949999999999818,27.359385964912406,38.68000000000029,-0.14341308364666738,0.8565868850446298,1.0,0.0,7.269999999999982,0.0,True,11,False,0,True,88,False,0,True,104,True,27,30.0,0.0
2025-03-11,2916.01,31668,2915.37,2895.7,2903.88,2930.33,2903.5,2916.915,2923.6225,2910.2075,2914.341,2911.265,-7.542719298245506,-20.909999999999854,12.127280701754568,24.18000000000029,-0.3834630866691607,0.616536862492001,1.0,1.0,6.660000000000309,2.8899999999998727,True,13,True,9,False,0,True,65,True,76,True,39,190.0,0.0
2025-03-12,2916.24,36097,2922.03,2892.81,2916.01,2915.37,2895.7,2905.535,2910.4525,2900.6175,2916.233,2913.154,-6.604035087719494,-14.090000000000146,22.61596491228076,29.289999999999964,-0.22601077555471122,0.7739891902221551,1.0,0.0,3.4399999999996,0.0,True,4,False,0,True,114,False,0,True,55,True,86,50.0,0.0
2025-03-17,2997.91,28592,3004.85,2980.84,2983.2,2954.09,2932.99,2943.54,2948.815,2938.265,2989.209,2987.212,-14.124298245613952,-22.269999999999982,9.885701754385812,19.529999999999745,-0.5882672910181923,0.4117326673324965,0.0,0.0,0.0,0.0,False,0,False,0,True,114,False,0,True,114,True,7,0.0,0.0
2025-03-19,3030.26,31813,3038.26,3006.12,3029.14,3001.19,2982.22,2991.705,2996.4475,2986.9624999999996,3039.417,3037.056,-2.8365789473686434,-13.850000000000364,29.303421052631684,38.38000000000011,-0.08825696512481798,0.9117430037613062,1.0,0.0,7.059999999999945,0.0,True,49,False,0,True,114,False,0,True,103,True,27,0.0,215.0
2025-03-20,3032.87,37260,3045.32,3022.89,3030.26,3038.26,3006.12,3022.19,3030.2250000000004,3014.1549999999997,3035.851,3031.423,-5.122719298245787,-18.850000000000364,17.307280701754504,29.579999999999927,-0.22838694025228626,0.7716130151645682,1.0,0.0,8.239999999999782,0.0,True,38,False,0,True,111,False,0,True,111,True,11,0.0,325.0
2025-03-21,3008.14,32643,3053.56,3025.52,3032.87,3045.32,3022.89,3034.105,3039.7125,3028.4975,3034.024,3029.968,-24.353070175438535,-53.820000000000164,3.686929824561427,11.88000000000011,-0.8685117441842661,0.13148822015239697,0.0,1.0,0.0,25.9699999999998,False,0,True,15,False,0,True,34,True,44,True,92,90.0,0.0
2025-03-25,3028.06,34348,3033.22,3015.55,3016.61,3038.08,2999.55,3018.815,3028.4475,3009.1825,3021.239,3015.889,-12.779385964912104,-22.149999999999636,4.890614035087514,19.139999999999873,-0.7232249712330169,0.2767749721738906,1.0,1.0,2.730000000000018,5.010000000000218,True,4,True,22,True,11,False,0,True,100,True,32,0.0,0.0
2025-03-26,3015.58,36478,3035.95,3010.54,3028.06,3033.22,3015.55,3024.385,3028.8025000000002,3019.9675,3029.075,3026.109,-12.292192982455969,-21.960000000000036,13.117807017543885,20.740000000000236,-0.483754132180319,0.5162458284650977,0.0,0.0,0.0,0.0,False,0,False,0,True,16,True,32,True,25,True,105,150.0,0.0
2025-04-02,3125.77,35512,3149.04,3124.19,3129.24,3127.94,3106.01,3116.9750000000004,3122.4575000000004,3111.4925000000003,3126.116,3115.897,-26.797192982456107,-37.409999999999854,-1.9471929824561964,8.75,-1.0783578231025506,-0.0783578633439976,0.0,1.0,0.0,14.679999999999836,False,0,True,78,True,63,True,2,True,23,True,105,265.0,0.0
2025-04-03,3065.53,42519,3133.78,3109.51,3125.77,3149.04,3124.19,3136.615,3142.8275,3130.4024999999997,3129.538,3119.477,-17.93096491228093,-74.38000000000011,6.3390350877190516,39.66999999999962,-0.738811873649323,0.2611880851475472,1.0,1.0,15.879999999999654,55.43000000000029,True,19,True,37,True,11,True,96,True,64,True,68,0.0,105.0
2025-04-09,3060.42,40369,3022.73,2990.98,3013.74,3045.98,3013.27,3029.625,3037.8025,3021.4475,3045.742,3038.016,16.064210526315765,-16.980000000000018,47.81421052631577,78.57000000000016,0.5059593707198865,1.5059593392238246,1.0,0.0,50.05000000000018,0.0,True,89,False,0,True,79,True,28,True,101,True,18,55.0,0.0
2025-04-14,3204.82,42348,3237.82,3187.15,3230.23,3136.54,3103.43,3119.9849999999997,3128.2625,3111.7074999999995,3231.035,3224.011,-14.50035087719315,-41.350000000000364,36.16964912280692,48.710000000000036,-0.2861723029607426,0.7138276773037141,1.0,0.0,0.23999999999978172,0.0,True,1,False,0,True,114,False,0,True,38,True,101,0.0,25.0
2025-04-28,3299.99,41944,3327.63,3268.41,3273.44,3344.38,3314.81,3329.5950000000003,3336.9875,3322.2025000000003,3296.119,3291.552,-38.16894736842119,-53.15000000000009,21.051052631579065,33.55000000000018,-0.6445279757496294,0.3554720073641839,0.0,0.0,0.0,0.0,False,0,False,0,False,0,True,114,True,114,True,1,0.0,360.0
2025-05-05,3319.1,37667,3269.28,3239.59,3257.43,3243.18,3201.91,3222.545,3232.8625,3212.2275,3315.18,3257.26,16.397982456140156,-15.2800000000002,46.08798245614021,81.44999999999982,0.5523065646289511,1.5523065309475779,1.0,0.0,53.13999999999987,0.0,True,62,False,0,True,114,False,0,True,108,True,22,5.0,0.0
2025-05-07,3386.33,36632,3397.5,3350.2,3396.93,3322.42,3253.64,3288.0299999999997,3305.225,3270.8349999999996,3390.003,3385.564,-11.339736842105252,-27.550000000000182,35.96026315789493,45.720000000000255,-0.239740731551046,0.7602592473073054,0.0,0.0,0.0,0.0,False,0,False,0,True,114,False,0,True,1,True,114,195.0,0.0
2025-05-08,3360.85,39101,3397.4,3369.29,3386.33,3397.5,3350.2,3373.85,3385.675,3362.0249999999996,3345.239,3336.933,-46.19201754385973,-74.90000000000009,-18.0820175438596,29.5,-1.643259192479556,-0.6432592280540835,1.0,1.0,1.8299999999999272,48.9699999999998,True,2,True,93,True,12,True,92,True,11,True,104,0.0,50.0
2025-05-13,3244.44,41066,3283.58,3207.74,3238.21,3340.24,3308.13,3324.185,3332.2124999999996,3316.1575000000003,3255.808,3252.601,-31.635789473684145,-48.340000000000146,44.204210526316004,55.88000000000011,-0.4171385687835643,0.5828614180307818,0.0,0.0,0.0,0.0,False,0,False,0,False,0,True,114,True,109,True,9,25.0,0.0
2025-05-15,3192.11,39920,3243.79,3175.03,3186.84,3265.43,3234.96,3250.1949999999997,3257.8124999999995,3242.5775,3178.865,3145.674,-83.8694736842105,-118.38999999999987,-15.109473684210734,21.359999999999673,-1.2197421824384616,-0.2197421969818003,0.0,1.0,0.0,54.25,False,0,True,83,False,0,True,114,True,10,True,109,510.0,0.0
2025-05-16,3174.5,42517,3199.61,3120.78,3192.11,3243.79,3175.03,3209.41,3226.6,3192.22,3219.091,3206.952,1.403684210526196,-44.809999999999945,80.23368421052612,107.7199999999998,0.017806472062916724,1.017806459377391,1.0,0.0,31.61999999999989,0.0,True,81,False,0,True,3,True,33,True,82,True,33,0.0,405.0
2025-05-20,3237.34,39997,3248.47,3206.69,3232.05,3231.23,3154.35,3192.79,3212.01,3173.5699999999997,3237.247,3214.726,-21.75140350877172,-39.70999999999958,20.028596491228026,41.909999999999854,-0.5206175918658272,0.47938238419927626,1.0,0.0,2.2900000000004184,0.0,True,2,False,0,True,109,False,0,True,55,True,63,295.0,0.0
2025-05-22,3311.14,44487,3320.67,3290.95,3304.4,3250.76,3207.97,3229.365,3240.0625,3218.6674999999996,3327.566,3312.761,-2.8240350877193747,-32.76999999999998,26.89596491228088,47.92000000000007,-0.09502136583775184,0.9049786005148737,1.0,1.0,18.73999999999978,7.799999999999727,True,54,True,5,True,114,False,0,True,96,True,29,0.0,355.0
2025-05-23,3350.93,43683,3339.41,3283.15,3311.14,3320.67,3290.95,3305.81,3313.24,3298.38,3331.588,3324.999,-9.302719298245444,-36.01999999999998,46.957280701754314,77.25999999999976,-0.16535227751321022,0.8346477047121723,1.0,0.0,25.120000000000346,0.0,True,21,False,0,True,109,False,0,True,110,True,5,20.0,0.0
2025-05-26,3335.3,30313,3364.53,3301.94,3350.93,3339.41,3283.15,3311.2799999999997,3325.345,3297.2149999999997,3335.44,3332.46,-27.441428571428766,-37.74000000000024,35.14857142857138,48.94999999999982,-0.4384315087553475,0.5615684752676597,0.0,0.0,0.0,0.0,False,0,False,0,True,112,False,0,True,3,True,112,50.0,0.0
2025-05-27,3296.49,42888,3351.83,3323.52,3335.3,3364.53,3301.94,3333.235,3348.8825,3317.5875,3299.128,3293.484,-44.11873873873866,-63.48000000000002,-15.808738738738715,17.240000000000236,-1.5584153013183837,-0.5584153366415898,0.0,1.0,0.0,35.679999999999836,False,0,True,89,False,0,True,81,True,10,True,102,0.0,45.0
2025-05-28,3305.94,36115,3341.46,3287.84,3296.49,3351.83,3323.52,3337.675,3344.7525,3330.5975000000003,3314.004,3310.737,-30.102017543859706,-46.86000000000013,23.517982456140185,36.67000000000007,-0.5613953185838204,0.4386046627664224,0.0,0.0,0.0,0.0,False,0,False,0,False,0,True,114,True,113,True,11,0.0,5.0
2025-05-29,3318.99,43633,3325.44,3294.4,3305.94,3341.46,3287.84,3314.65,3328.0550000000003,3301.245,3282.777,3271.619,-39.29500000000005,-58.92000000000007,-8.255000000000086,24.58999999999969,-1.2659471241640776,-0.2659471563805715,0.0,1.0,0.0,28.360000000000127,False,0,True,76,False,0,True,98,True,15,True,100,495.0,0.0
